Id,TagName,Count,ExcerptPostId,WikiPostId,IsModeratorOnly,IsRequired
"17","homology","263","269637","269636","",""
"18","cohomology","1099","230772","230771","",""
"19","lie-algebras","1771","153029","153028","",""
"20","lie-groups","2306","137267","137266","",""
"21","linear-algebra","4620","134834","134833","",""
"38","subfactors","155","","","",""
"40","topological-quantum-field-theory","197","198609","198608","",""
"41","derived-categories","577","184751","184750","",""
"43","geometry","341","134828","134827","",""
"44","examples","478","386146","386145","",""
"45","big-picture","336","135486","135485","",""
"47","teaching","233","152387","152386","",""
"48","latex","44","135924","135923","",""
"49","career","155","386137","386136","",""
"53","open-problems","494","135660","135659","",""
"57","fields","456","198563","198562","",""
"58","20-questions","18","140605","140604","",""
"59","puzzle","106","230764","230763","",""
"66","stacks","430","236959","236958","",""
"67","sheaf-theory","751","236957","236956","",""
"68","smoothness","111","","","",""
"69","differentials","22","","","",""
"70","journals","247","386244","386243","",""
"73","universal-property","47","","","",""
"74","normalization","47","","","",""
"77","witt-vectors","35","","","",""
"78","elliptic-curves","1199","154625","154624","",""
"79","algebraic-spaces","57","","","",""
"80","geometric-invariant-theory","157","238209","238208","",""
"81","model-theory","875","135558","135557","",""
"83","taylor-series","100","310059","310058","",""
"84","separation-axioms","18","","","",""
"85","valuative-criteria","9","","","",""
"91","rational-points","149","","","",""
"99","computer-algebra","295","135003","135002","",""
"100","noncommutative-algebra","385","293284","293283","",""
"101","projective-resolution","29","","","",""
"102","chain-complexes","79","","","",""
"104","algebraic-groups","1724","235820","235819","",""
"105","schemes","598","143198","143197","",""
"106","artin-ring","13","150038","150037","",""
"109","path-connected","50","165828","165827","",""
"110","rational-functions","109","","","",""
"111","fibre-products","6","","","",""
"112","smooth-manifolds","949","179945","179944","",""
"115","genus","20","","","",""
"116","hochschild-homology","73","264639","264638","",""
"117","a-infinity-algebras","90","193374","193373","",""
"118","homotopy-theory","2340","189304","189303","",""
"119","associative-algebras","67","156277","156276","",""
"120","von-neumann-algebras","469","220890","220889","",""
"123","flatness","156","","","",""
"126","paracompactness","17","","","",""
"128","r-matrix","10","","","",""
"129","knot-theory","735","154870","154869","",""
"130","configuration-spaces","84","236675","236674","",""
"131","milnor-invariant","4","","","",""
"132","2-knots","20","","","",""
"134","set-theory","4119","134743","134742","",""
"135","order-theory","526","238256","238255","",""
"138","line-bundles","180","187201","187200","",""
"139","abelian-varieties","658","157320","157319","",""
"140","modular-forms","1092","135470","135469","",""
"141","elliptic-cohomology","19","","","",""
"142","divisors","270","154958","154957","",""
"143","hilbert-schemes","161","","","",""
"144","moduli-spaces","755","186024","186023","",""
"145","monoidal-categories","391","","","",""
"146","etale-cohomology","567","236885","236884","",""
"147","filtrations","30","","","",""
"148","associated-graded","12","150242","150241","",""
"149","algebraic-curves","818","236801","236800","",""
"150","invariant-theory","316","158984","158983","",""
"151","homological-algebra","2122","211819","211818","",""
"152","koszul-duality","39","155307","155306","",""
"153","d-modules","217","203906","203905","",""
"154","geometric-representation-theory","126","","","",""
"155","motives","387","236933","236932","",""
"156","riemannian-geometry","2273","136173","136172","",""
"158","adjoint-functors","141","","","",""
"160","eisenstein-series","76","","","",""
"161","euler-characteristics","64","","","",""
"162","model-categories","594","332083","332082","",""
"163","complex-geometry","2478","145698","145697","",""
"164","operads","275","","","",""
"165","deformation-theory","550","269696","269695","",""
"167","modular-tensor-categories","44","","","",""
"168","reshetikhin-turaev","10","","","",""
"171","laplace-transform","100","","","",""
"172","differential-equations","1274","135373","135372","",""
"174","hopf-algebras","453","154665","154664","",""
"175","fibre-bundles","268","236751","236750","",""
"176","morse-theory","200","237048","237047","",""
"177","reading-list","20","156492","156491","",""
"178","tropical-geometry","72","261778","261777","",""
"179","flags","10","","","",""
"180","nilpotent-matrices","12","","","",""
"181","commuting-variety","3","","","",""
"183","short-exact-sequences","65","158619","158618","",""
"186","advice","103","","","",""
"187","real-analysis","3670","211552","211551","",""
"188","inner-product","63","","","",""
"189","braided-tensor-categories","107","","","",""
"191","theta-functions","88","","","",""
"192","lattices","548","181836","181835","",""
"193","algebraic-k-theory","414","161833","161832","",""
"194","motivation","52","","","",""
"195","categorification","51","","","",""
"196","log-geometry","17","225431","225430","",""
"197","traces","103","236673","236672","",""
"198","symmetric-algebras","10","","","",""
"200","klr-algebras","5","155025","155024","",""
"201","ramsey-theory","162","230278","230277","",""
"202","graph-colorings","506","230107","230106","",""
"203","arxiv","28","158080","158079","",""
"204","simplicial-stuff","632","289998","289997","",""
"205","arithmetic-geometry","1595","230927","230926","",""
"206","mirror-symmetry","139","262483","262482","",""
"207","books","158","135707","135706","",""
"208","analytic-number-theory","2171","137412","137411","",""
"209","planar-algebras","52","","","",""
"210","exposition","27","","","",""
"211","spherical-geometry","92","","","",""
"212","algorithms","1303","230375","230374","",""
"214","mathjobs","16","230976","230975","",""
"215","finite-groups","1844","220640","220639","",""
"216","class-field-theory","281","","","",""
"217","galois-representations","500","236922","236921","",""
"219","perverse-sheaves","150","","","",""
"220","decomposition-theorem","40","370635","370634","",""
"222","coalgebras","93","259454","259453","",""
"223","abelian-schemes","44","","","",""
"224","groupoids","150","156652","156651","",""
"225","fourier-analysis","1131","235822","235821","",""
"226","soft-question","1937","134832","134831","",""
"228","functoriality","25","","","",""
"229","automorphic-forms","614","236966","236965","",""
"231","langlands-conjectures","292","143103","143102","",""
"232","algebraic-surfaces","365","236927","236926","",""
"233","regularization","45","","","",""
"234","gromov-witten-theory","150","","","",""
"237","conformal-field-theory","132","","","",""
"238","virasoro-algebra","22","","","",""
"239","supersymmetry","56","","","",""
"241","automata-theory","89","","","",""
"242","formal-languages","138","220395","220394","",""
"244","banach-spaces","1242","168506","168505","",""
"246","quadratic-reciprocity","21","","","",""
"247","arithmetic-scheme","4","","","",""
"248","graph-theory","4287","135455","135454","",""
"249","measure-theory","2202","136505","136504","",""
"250","tropical-arithmetic","23","","","",""
"251","descent","106","","","",""
"252","asymptotics","722","","","",""
"253","generating-functions","268","","","",""
"254","vector-bundles","906","187217","187216","",""
"255","stable-homotopy","423","236938","236937","",""
"256","quivers","130","139879","139878","",""
"257","exterior-algebra","90","","","",""
"258","gerbes","62","317095","317094","",""
"259","tensor-powers","15","","","",""
"260","quantum-field-theory","272","268801","268800","",""
"261","fukaya-category","33","234605","234604","",""
"263","f-1","60","145124","145123","",""
"264","coarse-moduli-spaces","54","","","",""
"266","shape-theory","11","","","",""
"267","monodromy","69","","","",""
"268","independence-results","59","200012","200011","",""
"269","noncommutative-geometry","385","176668","176667","",""
"270","bimodules","21","","","",""
"271","birational-geometry","504","236931","236930","",""
"272","frobenius-algebras","45","282408","282407","",""
"273","geometric-langlands","67","","","",""
"275","zeta-functions","254","236667","236666","",""
"276","fusion-categories","126","","","",""
"277","gaga","19","198651","198650","",""
"278","computer-science","545","166144","166143","",""
"280","np","101","230317","230316","",""
"281","global-fields","22","","","",""
"282","number-fields","184","","","",""
"283","function-fields","61","","","",""
"284","young-tableaux","139","371617","371616","",""
"285","absolute-galois-group","56","","","",""
"286","string-theory","127","136253","136252","",""
"287","generic-points","7","","","",""
"288","intersection-theory","295","","","",""
"289","geometric-intuition","29","","","",""
"290","combinatorial-game-theory","196","187824","187823","",""
"291","ribbon-hopf-algebras","10","","","",""
"292","conferences","23","283704","283703","",""
"294","torus-action","28","","","",""
"296","toeplitz-operators","24","","","",""
"298","principal-bundles","246","269423","269422","",""
"299","hyperbolic-geometry","649","","","",""
"301","manuscript","2","","","",""
"302","symmetric-power","4","","","",""
"303","cherednik-algebra","4","","","",""
"304","primitive-ideal","5","","","",""
"306","math-communication","43","231866","231865","",""
"307","triangulated-categories","226","161091","161090","",""
"308","stable-homotopy-category","54","","","",""
"309","motivic-cohomology","143","","","",""
"310","dimension-theory","157","150111","150110","",""
"311","mathematical-philosophy","304","220342","220341","",""
"312","applications","133","385966","385965","",""
"313","mathematics-education","261","152385","152384","",""
"314","popularization","14","","","",""
"315","singularity-theory","423","360491","360490","",""
"316","fibration","148","308316","308315","",""
"319","l-functions","343","149109","149108","",""
"320","formal-schemes","81","","","",""
"321","riemann-surfaces","556","257664","257663","",""
"322","cellular-automata","50","","","",""
"323","nks","2","","","",""
"324","intuition","331","135461","135460","",""
"325","neron-models","50","","","",""
"327","stochastic-calculus","680","193739","193738","",""
"328","mathematical-finance","60","","","",""
"329","six-operations","10","","","",""
"330","floer-homology","73","","","",""
"331","symplectic-topology","183","","","",""
"332","localization","133","","","",""
"334","physics","145","264879","264878","",""
"335","hopf-fibration","27","","","",""
"336","infinite-dimensional-manifolds","120","","","",""
"337","monads","172","","","",""
"338","higher-category-theory","935","236896","236895","",""
"340","c-star-algebras","648","179605","179604","",""
"342","infinity-categories","353","","","",""
"344","divergent-series","77","","","",""
"345","ultrafilters","184","","","",""
"346","polynomials","1951","137795","137794","",""
"349","binomial-coefficients","307","220410","220409","",""
"350","topological-groups","575","230581","230580","",""
"351","permutations","401","178087","178086","",""
"352","markov-chains","434","","","",""
"353","computability-theory","742","134747","134746","",""
"355","chern-simons-theory","61","","","",""
"356","algebraic-number-theory","1622","214485","214484","",""
"358","exceptional-groups","52","279236","279235","",""
"359","msc","4","","","",""
"361","group-actions","375","","","",""
"362","cryptography","143","230462","230461","",""
"363","special-functions","658","142122","142121","",""
"364","gamma-function","126","238248","238247","",""
"365","symmetric-functions","257","235159","235158","",""
"366","schur-functions","66","","","",""
"367","arithmetic-topology","6","237088","237087","",""
"369","lie-algebra-cohomology","123","","","",""
"371","semigroups-and-monoids","460","230700","230699","",""
"373","matroid-theory","140","229449","229448","",""
"374","random-matrices","630","135056","135055","",""
"378","grants","7","","","",""
"379","proof-theory","292","157400","157399","",""
"380","extended-tqft","44","","","",""
"381","symmetric-spaces","126","","","",""
"382","abelian-categories","180","","","",""
"383","super-linear-algebra","13","","","",""
"384","weyl-algebra","33","","","",""
"385","division-rings","30","155544","155543","",""
"390","loop-spaces","139","247613","247612","",""
"391","spectral-sequences","309","","","",""
"392","definitions","176","","","",""
"393","real-algebraic-geometry","244","230482","230481","",""
"394","p-adic-analysis","210","269700","269699","",""
"396","k3-surfaces","143","155028","155027","",""
"397","geometric-group-theory","699","135081","135080","",""
"399","cotangent-complex","30","","","",""
"400","extremal-graph-theory","163","230220","230219","",""
"401","wavelets","44","","","",""
"404","lower-bounds","98","","","",""
"406","combinatorial-geometry","171","","","",""
"410","modular-representation-theory","89","159086","159085","",""
"411","profinite-groups","238","","","",""
"412","anabelian-geometry","31","","","",""
"416","hyperplane-arrangements","60","155995","155994","",""
"422","binomial-distribution","61","","","",""
"423","bernoulli-trial","18","","","",""
"431","schubert-varieties","28","","","",""
"432","gauge-theory","164","283292","283291","",""
"433","mathematical-development","2","","","",""
"434","braid-groups","169","","","",""
"440","finite-fields","613","230472","230471","",""
"441","oa.operator-algebras","1664","134910","134909","",""
"443","ag.algebraic-geometry","17739","134856","134855","",""
"444","at.algebraic-topology","6771","134862","134861","",""
"445","simplicial-volume","13","","","",""
"446","manifolds","410","236680","236679","",""
"447","rt.representation-theory","5528","134878","134877","",""
"448","dirichlet-series","131","","","",""
"449","lo.logic","3900","134751","134750","",""
"450","fa.functional-analysis","7064","134872","134871","",""
"452","metamathematics","90","","","",""
"453","formal-groups","76","","","",""
"456","dg.differential-geometry","7089","134868","134867","",""
"457","nt.number-theory","12775","134858","134857","",""
"458","ct.category-theory","5029","134897","134896","",""
"459","ac.commutative-algebra","4387","134874","134873","",""
"460","st.statistics","1487","134891","134890","",""
"462","mp.mathematical-physics","1777","134830","134829","",""
"463","pr.probability","6744","134876","134875","",""
"464","co.combinatorics","8140","134860","134859","",""
"465","cv.complex-variables","2483","134895","134894","",""
"469","gt.geometric-topology","3294","134883","134882","",""
"470","sociology-of-math","35","386372","386371","",""
"471","mg.metric-geometry","2995","134887","134886","",""
"472","na.numerical-analysis","1042","134912","134911","",""
"473","equivariant-homotopy","106","","","",""
"474","sg.symplectic-geometry","1235","134901","134900","",""
"477","qa.quantum-algebra","689","134906","134905","",""
"479","sp.spectral-theory","777","134904","134903","",""
"481","oc.optimization-and-control","955","134908","134907","",""
"483","projective-modules","127","158850","158849","",""
"490","characteristic-classes","278","245472","245471","",""
"491","continued-fractions","154","","","",""
"492","ap.analysis-of-pdes","3146","134889","134888","",""
"493","integrable-systems","122","","","",""
"494","coxeter-groups","209","328024","328023","",""
"495","integer-programming","154","178096","178095","",""
"496","economics","49","","","",""
"498","tag-removed","367","137797","137796","",""
"499","oeis","65","137497","137496","",""
"501","it.information-theory","487","134917","134916","",""
"502","coding-theory","237","135597","135596","",""
"503","alexandrov-geometry","175","137924","137923","",""
"506","kt.k-theory-and-homology","783","134915","134914","",""
"508","representable-functors","81","","","",""
"509","canonical-bases","20","","","",""
"510","super-algebra","29","","","",""
"511","positivity","115","","","",""
"512","weyl-group","116","328026","328025","",""
"514","convexity","501","386135","386134","",""
"515","convex-polytopes","767","136230","136229","",""
"516","species","7","","","",""
"517","group-cohomology","674","256668","256667","",""
"519","discrete-geometry","1205","148921","148920","",""
"520","additive-combinatorics","498","135482","135481","",""
"521","ra.rings-and-algebras","2499","134881","134880","",""
"522","topological-graph-theory","56","230173","230172","",""
"524","cyclic-spaces","2","","","",""
"525","classifying-spaces","158","282412","282411","",""
"526","cobordism","195","165615","165614","",""
"527","jacobians","136","","","",""
"529","notation","237","","","",""
"530","iwasawa-theory","117","","","",""
"532","hida-theory","18","","","",""
"533","clifford-algebras","104","","","",""
"534","conformal-geometry","158","","","",""
"535","digits","32","","","",""
"538","kobayashi-hyperbolicity","9","","","",""
"539","spin-geometry","165","285253","285252","",""
"540","crystals","36","","","",""
"541","stick-knots","16","","","",""
"542","characteristic-p","235","273422","273421","",""
"543","conic-sections","42","","","",""
"545","mathematical-modeling","85","267100","267099","",""
"546","forcing","736","135579","135578","",""
"547","large-cardinals","584","","","",""
"549","rigid-analytic-geometry","160","191036","191035","",""
"551","partition-of-unity","12","","","",""
"553","differential-topology","1362","146520","146519","",""
"555","game-theory","249","","","",""
"556","3-manifolds","457","236799","236798","",""
"557","complex-multiplication","89","","","",""
"558","big-list","812","134838","134837","",""
"559","approximation-theory","462","269450","269449","",""
"562","matrices","2530","135930","135929","",""
"563","galois-theory","627","236961","236960","",""
"564","algebraic-theory","9","","","",""
"567","mapping-class-groups","220","134947","134946","",""
"568","valuation-theory","105","","","",""
"569","hausdorff-spaces","22","357226","357225","",""
"572","enumerative-geometry","73","","","",""
"574","inequalities","1181","255993","255992","",""
"576","algebraic-cycles","132","","","",""
"577","type-theory","128","","","",""
"578","estimation-theory","75","","","",""
"581","reference-request","11625","135371","135370","",""
"582","determinants","400","203535","203534","",""
"583","symmetric-groups","320","154856","154855","",""
"587","quantum-topology","73","137638","137637","",""
"589","problem-solving","51","","","",""
"591","real-algebra","28","","","",""
"595","w-algebras","10","","","",""
"596","euclidean-geometry","401","236936","236935","",""
"597","nonstandard-analysis","95","136769","136768","",""
"599","fractals","203","178085","178084","",""
"600","recreational-mathematics","206","140486","140485","",""
"601","convex-geometry","736","231019","231018","",""
"602","periodic-functions","27","","","",""
"605","nilpotent-cone","5","","","",""
"606","combinatorial-identities","112","","","",""
"607","prime-numbers","1623","135484","135483","",""
"608","hodge-theory","373","236449","236448","",""
"610","locally-ringed-spaces","15","","","",""
"611","modules","498","228110","228109","",""
"612","posets","308","154829","154828","",""
"614","society","4","","","",""
"615","universal-algebra","315","196366","196365","",""
"616","polymath5","15","287073","287072","",""
"617","lambda-calculus","59","186721","186720","",""
"620","experimental-mathematics","49","180590","180589","",""
"621","reverse-math","123","137026","137025","",""
"622","classical-invariant-theory","60","","","",""
"623","complex-dynamics","160","149995","149994","",""
"624","complex-manifolds","279","245391","245390","",""
"627","iterated-integral","9","","","",""
"629","quantum-mechanics","299","264877","264876","",""
"632","foliations","218","","","",""
"635","exponential-polynomials","36","161739","161738","",""
"637","connections","252","236754","236753","",""
"638","signal-analysis","84","","","",""
"639","bioinformatics","10","","","",""
"642","slick-proof","18","","","",""
"646","integration","1055","231025","231024","",""
"647","tensor","112","","","",""
"648","hypergraph","192","158078","158077","",""
"649","lambda-rings","16","300602","300601","",""
"650","adams-operations","8","300684","300683","",""
"652","mathscinet","22","150645","150644","",""
"654","elimination-theory","23","140141","140140","",""
"657","symbolic-dynamics","135","150020","150019","",""
"658","picard-group","114","","","",""
"660","diagram-chase","12","145856","145855","",""
"668","discrepancy-theory","39","","","",""
"669","global-optimization","189","","","",""
"670","bibliography","18","","","",""
"671","injective-modules","48","154960","154959","",""
"672","pontrjagin-duality","17","","","",""
"673","haar-measure","121","237538","237537","",""
"674","central-simple-algebras","41","","","",""
"676","differential-operators","418","135368","135367","",""
"677","bourbaki","21","","","",""
"681","unique-factorization-domains","15","","","",""
"682","hall-algebras","7","","","",""
"683","ergodic-theory","712","149997","149996","",""
"684","hochschild-cohomology","91","","","",""
"685","dg-categories","74","171869","171868","",""
"686","morita-equivalence","51","157637","157636","",""
"688","axiom-of-choice","399","236893","236892","",""
"690","brauer-groups","77","312346","312345","",""
"692","differential-galois-theory","8","","","",""
"693","differential-algebra","26","","","",""
"694","communication-complexity","4","","","",""
"696","supermanifolds","45","","","",""
"699","catalan-numbers","71","154660","154659","",""
"700","proof-assistants","50","157402","157401","",""
"702","peer-review","27","","","",""
"703","tate-shafarevich-groups","13","","","",""
"704","fundamental-group","214","","","",""
"706","string-topology","23","","","",""
"707","t-structure","19","260290","260289","",""
"708","statistical-physics","171","285617","285616","",""
"709","group-schemes","153","","","",""
"710","difference-equations","60","227055","227054","",""
"714","abstract-algebra","171","233412","233411","",""
"715","axioms","90","","","",""
"716","formalization","14","220392","220391","",""
"719","quantization","70","177339","177338","",""
"720","ind-schemes","16","","","",""
"724","boolean-algebras","193","325007","325006","",""
"725","probabilistic-number-theory","49","","","",""
"726","sums-of-squares","133","","","",""
"727","terminology","715","213240","213239","",""
"728","holonomy","62","","","",""
"729","spectral-triples","7","","","",""
"730","surgery-theory","68","257009","257008","",""
"735","decision-trees","5","","","",""
"736","calabi-yau","125","159594","159593","",""
"737","orthogonal-polynomials","172","194787","194786","",""
"738","local-fields","177","","","",""
"740","division-algebras","64","","","",""
"741","alternative-proof","60","140464","140463","",""
"745","torsion-theory","11","373305","373304","",""
"749","quaternions","113","","","",""
"750","diophantine-approximation","263","","","",""
"751","quadratic-residues","62","","","",""
"753","coherent-sheaves","193","","","",""
"756","latin-square","38","235768","235767","",""
"758","steiner-triple-system","14","","","",""
"759","thesis","9","236733","236732","",""
"761","tannakian-category","77","","","",""
"762","renormalization","21","","","",""
"763","binary-quadratic-forms","64","184744","184743","",""
"766","sparse-matrices","56","","","",""
"767","queueing-theory","26","","","",""
"772","chromatic-polynomial","22","","","",""
"773","packing-and-covering","126","","","",""
"774","orbifolds","112","","","",""
"775","banach-algebras","280","","","",""
"780","computational-number-theory","313","266577","266576","",""
"781","solvable-groups","41","236475","236474","",""
"783","systolic-geometry","17","","","",""
"785","quadratic-forms","421","","","",""
"787","linear-programming","423","230320","230319","",""
"788","schubert-cells","11","","","",""
"795","rational-homotopy-theory","83","","","",""
"796","hecke-algebras","123","","","",""
"798","dedekind-domains","35","","","",""
"803","shimura-varieties","114","","","",""
"807","compactifications","88","","","",""
"808","equivariant","77","","","",""
"811","multiset","10","","","",""
"812","anosov-systems","17","","","",""
"815","realizability","8","334643","334642","",""
"816","ultrapowers","61","","","",""
"818","translation","66","250696","250695","",""
"821","fixed-point-theorems","185","236778","236777","",""
"822","convention","11","","","",""
"827","plane-geometry","376","269685","269684","",""
"828","partitions","288","","","",""
"829","linkage","10","","","",""
"830","holomorphic-symplectic","58","206721","206720","",""
"835","siegel-modular-forms","27","","","",""
"836","trace-formula","38","228192","228191","",""
"838","minimal-model-program","96","247575","247574","",""
"840","function-spaces","35","","","",""
"841","projective-geometry","491","","","",""
"845","quasimodular-forms","13","","","",""
"846","functional-equations","167","","","",""
"847","geometric-structures","9","","","",""
"849","berkovich-geometry","54","","","",""
"854","stein-manifolds","22","","","",""
"859","group-algebras","44","","","",""
"860","crossed-products","15","","","",""
"862","integral-kernel","64","","","",""
"867","citations","20","178099","178098","",""
"868","erdos","26","","","",""
"870","feynman-integral","17","","","",""
"873","fractions","7","","","",""
"874","descriptive-set-theory","472","203329","203328","",""
"875","hypergeometric-functions","195","156990","156989","",""
"877","simulation","41","","","",""
"883","polylogarithms","33","273807","273806","",""
"884","goodstein-sequences","4","328076","328075","",""
"886","probability-distributions","1429","236946","236945","",""
"887","tiling","185","","","",""
"888","diophantine-equations","670","220347","220346","",""
"889","local-rings","153","","","",""
"892","factorization","185","288149","288148","",""
"897","classical-mechanics","163","386247","386246","",""
"898","characters","162","363698","363697","",""
"904","metric-spaces","238","230465","230464","",""
"905","congruences","96","","","",""
"906","bayesian-probability","67","","","",""
"908","lie-algebroids","33","298263","298262","",""
"909","abstract-polytopes","13","179043","179042","",""
"912","lie-superalgebras","67","","","",""
"913","unbounded-operators","82","","","",""
"914","combinatorial-group-theory","117","","","",""
"917","analytic-continuation","57","","","",""
"918","hyperbolic-dynamics","49","","","",""
"922","duality","216","235818","235817","",""
"923","motivic-homotopy","103","","","",""
"926","learning-theory","67","267097","267096","",""
"927","polytopes","77","","","",""
"933","wcatss","3","","","",""
"934","fluid-dynamics","85","","","",""
"937","galois-descent","34","","","",""
"938","transcendence","50","","","",""
"941","symmetry","94","","","",""
"943","galois-cohomology","192","","","",""
"947","poisson-geometry","96","156081","156080","",""
"953","accessible-categories","40","","","",""
"956","data-analysis","50","","","",""
"957","sequences-and-series","1135","236803","236802","",""
"959","icm-2010","2","156567","156566","",""
"968","cartesian-closed-categories","35","","","",""
"971","computational-linguistics","5","","","",""
"972","linguistics","4","","","",""
"980","weights","64","","","",""
"982","algebraic-combinatorics","229","","","",""
"983","harmonic-analysis","1045","204605","204604","",""
"990","pl-manifolds","10","","","",""
"996","eigenvector","221","237070","237069","",""
"998","computational-complexity","1101","138262","138261","",""
"1001","outer-automorphisms","21","","","",""
"1004","compressed-sensing","41","","","",""
"1007","gaussian-elimination","7","","","",""
"1009","geometric-measure-theory","511","211088","211087","",""
"1010","chess","39","149581","149580","",""
"1012","sheaf-cohomology","261","","","",""
"1013","borel-sets","69","","","",""
"1015","dual-pairs","11","","","",""
"1016","ordinal-numbers","156","230341","230340","",""
"1019","noncommutative-topology","22","","","",""
"1023","ade-classifications","13","","","",""
"1027","transcendental-number-theory","121","","","",""
"1028","arakelov-theory","42","","","",""
"1029","abc-conjecture","60","","","",""
"1034","gr.group-theory","6527","134836","134835","",""
"1035","calculus-of-functors","6","145076","145075","",""
"1036","invertible-sheaves","14","","","",""
"1038","quantum-computation","42","230816","230815","",""
"1039","weil-conjectures","53","","","",""
"1042","unit-fractions","14","","","",""
"1044","induced-representations","38","","","",""
"1047","morita-theory","10","","","",""
"1049","lie-groupoids","69","","","",""
"1050","surfaces","215","187268","187267","",""
"1051","cohen-macaulay-rings","56","","","",""
"1066","abelian-groups","174","","","",""
"1075","computable-analysis","19","","","",""
"1076","algebraic-equations","36","","","",""
"1077","operator-ideals","8","","","",""
"1084","galois-connection","3","236949","236948","",""
"1090","analytic-geometry","85","269945","269944","",""
"1092","internal-categories","19","","","",""
"1093","kernels","63","","","",""
"1098","geometric-analysis","97","238252","238251","",""
"1100","seifert-fiber-spaces","14","","","",""
"1107","schwartz-distributions","238","200799","200798","",""
"1108","tangent-distributions","14","","","",""
"1109","constructive-mathematics","177","342761","342760","",""
"1111","modular-group","37","","","",""
"1113","finite-type-invariants","3","","","",""
"1115","operator-spaces","23","","","",""
"1116","graph-minors","67","173418","173417","",""
"1120","nim","13","","","",""
"1121","fair-division","11","330685","330684","",""
"1123","automorphism-groups","216","145666","145665","",""
"1124","groebner-bases","77","","","",""
"1127","ricci-flow","92","238250","238249","",""
"1129","integral-transforms","214","","","",""
"1130","gn.general-topology","3551","134870","134869","",""
"1133","ho.history-overview","1213","134919","134918","",""
"1135","general-relativity","139","264894","264893","",""
"1137","gm.general-mathematics","257","304953","304952","",""
"1139","ds.dynamical-systems","1932","134893","134892","",""
"1140","vanishing","9","","","",""
"1141","cycles","41","","","",""
"1144","induction","45","","","",""
"1146","completion","55","","","",""
"1148","fuchsian-groups","47","280361","280360","",""
"1149","stochastic-processes","1740","140223","140222","",""
"1151","computational-group-theory","74","","","",""
"1153","arithmetic-progression","128","230497","230496","",""
"1155","uniform-spaces","48","","","",""
"1156","applied-mathematics","125","","","",""
"1160","regularity","156","320837","320836","",""
"1163","euclidean-domain","15","","","",""
"1164","elliptic-pde","740","134995","134994","",""
"1165","moser-iteration","3","","","",""
"1167","fibered-categories","24","","","",""
"1168","computation","30","","","",""
"1169","gray-codes","9","135592","135591","",""
"1171","chaos","38","","","",""
"1172","potential-theory","157","","","",""
"1175","ramification","63","","","",""
"1176","einstein-theory","5","","","",""
"1181","random-walks","403","237004","237003","",""
"1185","entropy","232","237074","237073","",""
"1186","enriched-category-theory","95","","","",""
"1189","perturbation","31","","","",""
"1191","jordan-algebras","26","280180","280179","",""
"1192","geometry-of-numbers","65","","","",""
"1193","martingales","196","","","",""
"1196","internal-groupoids","6","","","",""
"1198","polymath3","2","288421","288420","",""
"1201","root-systems","197","","","",""
"1206","grothendieck-construction","18","","","",""
"1207","cohomological-dimension","9","","","",""
"1212","voting-theory","6","","","",""
"1218","orbit-method","5","","","",""
"1225","approximation-algorithms","128","230348","230347","",""
"1228","discrete-mathematics","132","230820","230819","",""
"1229","bruhat-order","29","","","",""
"1236","determinacy","61","","","",""
"1239","grothendieck-topology","99","","","",""
"1240","etcs","7","224337","224336","",""
"1241","fractional-calculus","120","198560","198559","",""
"1246","infinity-topos-theory","93","","","",""
"1248","banach-manifold","35","","","",""
"1249","frechet-manifold","35","","","",""
"1250","algebraic-graph-theory","112","230191","230190","",""
"1256","chow-groups","75","","","",""
"1260","measure-concentration","276","","","",""
"1261","operator-norms","100","","","",""
"1265","sketches","9","156130","156129","",""
"1267","gelfand-duality","20","","","",""
"1270","flips-flops","12","","","",""
"1272","linear-logic","25","","","",""
"1273","effective-results","23","","","",""
"1274","cup-product","22","","","",""
"1275","etymology","17","149579","149578","",""
"1278","quantum-cohomology","10","","","",""
"1279","galois-groups","39","","","",""
"1282","topological-vector-spaces","240","230688","230687","",""
"1283","fractional-iteration","35","161686","161685","",""
"1284","square-free","20","190726","190725","",""
"1289","graph-drawing","26","230181","230180","",""
"1290","integral-geometry","46","","","",""
"1291","ringed-spaces","9","","","",""
"1292","quasi-coherent-modules","27","","","",""
"1294","cw-complexes","117","","","",""
"1295","mapping-space","22","","","",""
"1297","filters","42","","","",""
"1298","q-analogs","75","","","",""
"1303","modal-logic","73","","","",""
"1305","roots-of-unity","54","","","",""
"1306","special-relativity","9","","","",""
"1307","interpolation","134","166148","166147","",""
"1311","buildings","77","","","",""
"1313","linear-groups","50","","","",""
"1314","rigged-hilbert-spaces","9","237086","237085","",""
"1315","k-homology","4","","","",""
"1318","intersection-cohomology","45","","","",""
"1319","involutions","50","","","",""
"1320","classical-groups","31","","","",""
"1321","spectral-graph-theory","322","197980","197979","",""
"1322","random-graphs","258","230217","230216","",""
"1324","virtual-knots","12","","","",""
"1326","teichmuller-theory","202","","","",""
"1327","albert-algebras","2","236721","236720","",""
"1332","amenability","130","280464","280463","",""
"1336","abstract-nonsense","22","135085","135084","",""
"1342","power-series","303","","","",""
"1345","moment-map","27","","","",""
"1346","cohomology-operations","12","","","",""
"1351","pseudogroups","5","","","",""
"1352","riemann-hypothesis","186","145895","145894","",""
"1353","schrodinger-operators","126","","","",""
"1355","prufer-domain","7","","","",""
"1359","polyhedra","196","","","",""
"1362","quadrature","20","","","",""
"1363","infinite-combinatorics","305","325350","325349","",""
"1364","cotangent-bundles","33","","","",""
"1368","lagrangian-submanifolds","49","","","",""
"1369","nauty","7","198661","198660","",""
"1370","group-rings","50","168739","168738","",""
"1372","resultants","29","","","",""
"1374","slodowy-slice","5","","","",""
"1376","image-processing","27","195463","195462","",""
"1379","foundations","229","","","",""
"1380","symmetric-monoidal-categories","63","","","",""
"1381","extremal-set-theory","32","","","",""
"1383","kahler-differentials","34","238211","238210","",""
"1384","filtered-algebras","8","","","",""
"1385","transformation-groups","32","","","",""
"1388","integer-sequences","223","160448","160447","",""
"1391","quaternionic-geometry","29","","","",""
"1399","billiards","57","136071","136070","",""
"1403","torsion","23","","","",""
"1404","infinite-sequences","50","","","",""
"1407","primitive-roots","20","287305","287304","",""
"1410","mathematical-software","148","231022","231021","",""
"1414","heights","40","","","",""
"1415","locales","61","211822","211821","",""
"1416","existence-theorems","37","","","",""
"1422","separable-algebras","24","309432","309431","",""
"1423","curves-and-surfaces","296","269452","269451","",""
"1424","norms","245","","","",""
"1426","goldbach-type-problems","68","","","",""
"1428","arithmetic-functions","93","","","",""
"1434","generalized-smooth-spaces","20","","","",""
"1441","isometries","80","","","",""
"1446","p-groups","114","","","",""
"1449","crystalline-cohomology","39","","","",""
"1458","monster","14","156411","156410","",""
"1460","heuristics","50","","","",""
"1462","vanishing-cycles","12","","","",""
"1467","locally-convex-spaces","125","176026","176025","",""
"1475","ordinal-analysis","34","","","",""
"1479","linear-pde","280","135574","135573","",""
"1483","critical-point-theory","34","","","",""
"1487","rigidity","27","","","",""
"1489","laplacian","203","347476","347475","",""
"1490","incidence-geometry","61","229169","229168","",""
"1499","cyclic-homology","41","201256","201255","",""
"1500","free-lie-algebras","20","","","",""
"1502","reductive-groups","299","269425","269424","",""
"1503","formal-proof","28","","","",""
"1505","vector-spaces","119","","","",""
"1511","topos-theory","456","","","",""
"1512","profunctors","21","","","",""
"1513","multilinear-algebra","133","166146","166145","",""
"1515","classification","51","","","",""
"1519","toric-varieties","231","237006","237005","",""
"1521","koszul-algebras","15","151323","151322","",""
"1522","pbw-theorems","8","","","",""
"1524","higher-genus-curves","16","","","",""
"1526","elliptic-integrals","15","","","",""
"1530","similarity","25","","","",""
"1537","sofic-groups","9","","","",""
"1555","gaussian","223","","","",""
"1561","cluster-algebras","86","139123","139122","",""
"1563","surreal-numbers","66","272532","272531","",""
"1564","affine-grassmannian","30","","","",""
"1569","prime-number-theorem","119","230356","230355","",""
"1571","sobolev-spaces","754","236951","236950","",""
"1575","surreal-analysis","14","","","",""
"1577","combinatorial-hopf-algebras","7","","","",""
"1581","arithmetic-dynamics","35","","","",""
"1583","complete-positivity","17","","","",""
"1586","music-theory","9","","","",""
"1591","steenrod-algebra","49","","","",""
"1593","chern-classes","133","245476","245475","",""
"1595","matching-theory","123","157073","157072","",""
"1596","bipartite-graphs","95","158345","158344","",""
"1597","perfect-matchings","96","157930","157929","",""
"1603","differential-graded-lie-algebras","6","","","",""
"1609","lacunary-series","4","","","",""
"1610","quasiconformal","59","","","",""
"1613","regular-rings","19","","","",""
"1618","dirichlet-forms","24","","","",""
"1621","vertex-algebras","72","","","",""
"1626","o-minimal","21","","","",""
"1627","calculus-of-variations","401","237123","237122","",""
"1629","schur-multipliers","24","","","",""
"1630","collatz-conjecture","50","150739","150738","",""
"1633","symbolic-computation","23","","","",""
"1634","restricted-lie-algebras","19","353266","353265","",""
"1643","stable-category","11","","","",""
"1651","sphere-packing","75","","","",""
"1654","sieve-theory","80","","","",""
"1655","grothendieck-rings","38","","","",""
"1656","social-choice","8","","","",""
"1660","textbook-recommendation","336","135704","135703","",""
"1662","index-theory","139","","","",""
"1666","homological-dimension","36","151666","151665","",""
"1672","skein-relation","18","","","",""
"1684","hilbert-manifolds","21","204633","204632","",""
"1687","coq","14","227915","227914","",""
"1691","p-adic-groups","195","","","",""
"1693","character-varieties","42","180233","180232","",""
"1699","magma","41","135582","135581","",""
"1703","permutation-groups","160","328029","328028","",""
"1709","euclidean-lattices","71","","","",""
"1710","fans","8","236723","236722","",""
"1718","complete-intersection","40","","","",""
"1723","schur-functors","28","","","",""
"1725","quadrics","25","","","",""
"1733","p-adic-numbers","156","269706","269705","",""
"1734","proof-complexity","13","","","",""
"1743","pattern-avoidance","4","","","",""
"1744","pattern-matching","9","","","",""
"1748","hilbert-symbol","9","","","",""
"1753","khovanov-homology","27","282410","282409","",""
"1755","operator-theory","981","135365","135364","",""
"1759","ising-model","22","265945","265944","",""
"1762","bessel-potential","9","","","",""
"1776","finite-differences","38","","","",""
"1780","birch-swinnerton-dyer","20","156326","156325","",""
"1784","nets","16","141777","141776","",""
"1786","nilpotent-groups","63","","","",""
"1788","belyi","5","","","",""
"1789","branched-covers","54","","","",""
"1792","heat-equation","160","","","",""
"1794","multiplicative-number-theory","19","","","",""
"1806","semirings","35","","","",""
"1812","contact-geometry","151","137623","137622","",""
"1817","combinatorial-number-theory","7","","","",""
"1820","jets","32","","","",""
"1825","4-manifolds","190","137269","137268","",""
"1828","topological-manifolds","27","","","",""
"1837","pseudo-differential-operators","140","381689","381688","",""
"1838","database-theory","4","237072","237071","",""
"1842","sampling","62","","","",""
"1843","nonnegative-matrices","77","","","",""
"1845","ca.classical-analysis-and-odes","2671","134885","134884","",""
"1851","quandles","16","","","",""
"1853","grassmannians","181","232693","232692","",""
"1866","incompressible-surfaces","9","","","",""
"1869","constructible-sheaves","46","","","",""
"1879","stirling-numbers","36","","","",""
"1884","bernoulli-numbers","32","154823","154822","",""
"1885","riemann-zeta-function","487","154827","154826","",""
"1887","homogeneous-spaces","159","","","",""
"1892","smooth-structures","20","","","",""
"1895","free-probability","40","","","",""
"1900","elliptic-surfaces","49","","","",""
"1903","sandpile","16","","","",""
"1908","multiverse-of-sets","15","","","",""
"1919","closed-form-expressions","127","302107","302106","",""
"1922","nuclear-spaces","25","","","",""
"1923","thermodynamic-formalism","17","150023","150022","",""
"1946","pcf-theory","23","","","",""
"1960","lie-theory","10","","","",""
"1961","plethysm","30","","","",""
"1973","hausdorff-dimension","76","327139","327138","",""
"1979","nisnevich-topology","9","","","",""
"1985","relation-algebra","9","352877","352876","",""
"1987","equivariant-cohomology","127","","","",""
"1990","divided-powers","6","","","",""
"1991","orientation","30","","","",""
"1993","plethory","3","","","",""
"1995","computational-topology","44","230393","230392","",""
"2001","submersions","14","","","",""
"2002","internalization","8","","","",""
"2011","yoneda-lemma","27","","","",""
"2012","deligne-lusztig-theory","14","","","",""
"2013","space-filling-curves","9","","","",""
"2016","mathematical-writing","156","386356","386355","",""
"2017","topological-algebras","15","","","",""
"2019","derived-algebraic-geometry","182","","","",""
"2020","sumsets","71","","","",""
"2037","fibered-products","9","","","",""
"2045","laurent-polynomials","13","","","",""
"2047","monomial-ideals","28","151424","151423","",""
"2049","noncommutative-rings","152","145982","145981","",""
"2050","resolution-of-singularities","178","","","",""
"2055","constructibility","54","179067","179066","",""
"2064","flag-varieties","119","","","",""
"2065","numerical-linear-algebra","221","137278","137277","",""
"2066","matrix-equations","149","154897","154896","",""
"2070","convex-analysis","359","","","",""
"2077","tilting","26","141513","141512","",""
"2081","robinson-schensted-knuth","17","","","",""
"2096","free-groups","161","","","",""
"2100","combinatory-algebra","3","","","",""
"2102","kac-moody-algebras","80","","","",""
"2105","differential-cohomology","5","236716","236715","",""
"2120","word-problem","8","","","",""
"2127","positive-characteristic","82","","","",""
"2128","kazhdan-lusztig","43","","","",""
"2131","higher-algebra","116","","","",""
"2141","geometric-probability","150","","","",""
"2142","matrix-analysis","569","154895","154894","",""
"2147","smoothing-theory","7","","","",""
"2149","combinatorics-on-words","85","209254","209253","",""
"2157","symplectic-group","42","","","",""
"2159","triangles","63","","","",""
"2161","continuity","125","","","",""
"2166","elliptic-functions","49","","","",""
"2167","random-functions","61","","","",""
"2192","finite-geometry","63","229167","229166","",""
"2203","graph-polynomials","2","230233","230232","",""
"2205","random-permutations","40","","","",""
"2239","prime-ideals","80","160446","160445","",""
"2241","derham-cohomology","73","245430","245429","",""
"2242","combinatorial-topology","14","","","",""
"2244","loop-groups","27","","","",""
"2250","ordered-fields","35","","","",""
"2251","non-archimedean-fields","69","","","",""
"2252","wave-equation","62","","","",""
"2265","pushforward","13","","","",""
"2268","cumulants","13","","","",""
"2270","medicine","8","","","",""
"2281","measurable-functions","41","","","",""
"2282","preduals","12","","","",""
"2285","symmetric-polynomials","78","","","",""
"2288","integral-operators","93","","","",""
"2291","p-adic","70","","","",""
"2292","recurrences","200","","","",""
"2299","cardinal-arithmetic","52","","","",""
"2300","cofibrations","12","308313","308312","",""
"2304","products","52","","","",""
"2305","combinatorial-designs","94","230403","230402","",""
"2310","cerf-theory","3","","","",""
"2311","ample-bundles","50","","","",""
"2313","coherent-cohomology","7","","","",""
"2318","limits-and-convergence","528","226973","226972","",""
"2330","stone-cech-compactification","60","","","",""
"2349","triangulations","78","","","",""
"2353","heegaard-floer-homology","39","234607","234606","",""
"2354","algebraic-stacks","211","","","",""
"2360","brownian-motion","277","","","",""
"2361","mobius-inversion","25","","","",""
"2362","green-function","58","","","",""
"2369","curvature","198","","","",""
"2389","syzygies","15","236725","236724","",""
"2390","rational-curves","27","","","",""
"2394","nonnoetherian","54","","","",""
"2399","string-diagrams","11","","","",""
"2409","fano-varieties","63","","","",""
"2413","micro-local-analysis","74","","","",""
"2427","centralisers","15","","","",""
"2430","percolation","74","","","",""
"2433","oriented-matroids","16","230075","230074","",""
"2440","fuzziness","5","","","",""
"2461","several-complex-variables","128","","","",""
"2470","formality","14","","","",""
"2475","derived-functors","110","","","",""
"2477","f4","3","","","",""
"2479","adeles","49","","","",""
"2485","equitable-partition","6","","","",""
"2489","m-matrix","8","","","",""
"2490","schur-complement","10","","","",""
"2495","graph-cut","5","","","",""
"2506","matrix-theory","368","198565","198564","",""
"2508","extremal-combinatorics","148","","","",""
"2517","subgraph","13","","","",""
"2534","dieudonne","8","","","",""
"2537","parabolic-pde","322","134992","134991","",""
"2539","quantum-groups","444","151453","151452","",""
"2541","chromatic-homotopy","42","","","",""
"2551","perturbation-theory","83","","","",""
"2553","combinatorial-optimization","311","230311","230310","",""
"2554","maass-forms","31","","","",""
"2564","tutte-polynomial","17","156669","156668","",""
"2583","curves","93","","","",""
"2593","differential-forms","72","269635","269634","",""
"2599","fitting-ideals","4","","","",""
"2600","generalized-functions","37","","","",""
"2602","exponential-sums","125","150799","150798","",""
"2605","covering","77","","","",""
"2614","kahler-manifolds","413","145696","145695","",""
"2618","acyclic-orientations","3","269858","269857","",""
"2622","sat","19","278044","278043","",""
"2642","presentations-of-groups","34","","","",""
"2643","isoperimetric-problems","78","","","",""
"2646","polygons","82","","","",""
"2650","engineering-mathematics","14","","","",""
"2658","handle-decomposition","19","","","",""
"2659","stability","115","226990","226989","",""
"2661","non-positive-curvature","24","","","",""
"2666","q-identities","12","","","",""
"2670","ring-spectra","72","307737","307736","",""
"2677","algebraic-complexity","12","","","",""
"2685","isotropic-submanifolds","3","","","",""
"2690","computational-geometry","366","135005","135004","",""
"2699","flows","74","","","",""
"2709","automorphisms","50","262777","262776","",""
"2711","continuum-hypothesis","68","287920","287919","",""
"2714","matrix-inverse","101","159178","159177","",""
"2718","homotopy-groups-of-sphere","23","","","",""
"2731","linear-orders","53","","","",""
"2732","decidability","107","","","",""
"2744","sub-riemannian-geometry","40","","","",""
"2748","hamiltonian-mechanics","76","","","",""
"2750","brown-representability","5","","","",""
"2756","discriminant","32","","","",""
"2760","extension","34","","","",""
"2763","etale-covers","75","","","",""
"2766","projective-morphisms","18","","","",""
"2768","comodules","13","","","",""
"2771","inner-model-theory","81","144482","144481","",""
"2772","lattice-theory","317","215855","215854","",""
"2774","hadamard-product","39","","","",""
"2779","fourier-transform","319","","","",""
"2793","crossed-modules","16","","","",""
"2802","simplicial-categories","49","","","",""
"2806","nonlinear-eigenvalue","16","","","",""
"2809","serre-duality","8","236731","236730","",""
"2811","grothendieck-riemann-roch","16","236738","236737","",""
"2817","categorical-logic","49","","","",""
"2822","counterexamples","193","231029","231028","",""
"2824","convex-optimization","634","195460","195459","",""
"2825","nonlinear-optimization","497","156612","156611","",""
"2830","frobenius-schur-indicator","10","","","",""
"2850","expander-graphs","44","230235","230234","",""
"2851","spectral-gap","5","","","",""
"2853","enumerative-combinatorics","292","","","",""
"2861","paradox","8","","","",""
"2865","p-adic-hodge-theory","149","","","",""
"2866","conjugacy-classes","29","","","",""
"2886","degree-sequence","16","","","",""
"2887","eigenvalues","584","","","",""
"2893","tensor-products","310","","","",""
"2901","circle-packing","37","","","",""
"2906","directed-graphs","79","155505","155504","",""
"2925","definability","34","369591","369590","",""
"2928","cones","50","","","",""
"2929","covering-spaces","91","","","",""
"2945","sage","35","144395","144394","",""
"2951","simplicial-complexes","189","","","",""
"3975","hilbert-spaces","516","200797","200796","",""
"3978","graph-distance","17","","","",""
"3980","presentable-categories","10","","","",""
"3981","quiver-varieties","14","269410","269409","",""
"3983","reduction-graphs","4","236729","236728","",""
"3989","circulant-matrices","20","","","",""
"3996","schubert-calculus","61","","","",""
"4017","software","20","","","",""
"4031","trees","165","154805","154804","",""
"4035","octonions","40","235770","235769","",""
"4037","new-foundations","31","135587","135586","",""
"4046","sites","30","187143","187142","",""
"4053","conjectures","161","177980","177979","",""
"4060","determinantal-ideals","9","","","",""
"4061","primitive-elements","8","","","",""
"4066","hermitian","38","","","",""
"4069","graph-reconstruction","18","141610","141609","",""
"4079","lebesgue-measure","131","","","",""
"4082","hurwitz-theory","11","","","",""
"4085","gch","16","198654","198653","",""
"4089","hamiltonian-graphs","67","151205","151204","",""
"4090","blow-ups","168","","","",""
"4117","spanning-tree","43","","","",""
"4118","ultrafinitism","18","","","",""
"4128","sidon-sets","15","","","",""
"4129","cech-cohomology","35","","","",""
"4139","local-cohomology","32","","","",""
"4151","unitary-representations","141","","","",""
"4157","orthogonal-matrices","66","236671","236670","",""
"4166","group-homology","10","","","",""
"4181","selberg-class","28","134730","134729","",""
"4183","arithmetic-groups","109","","","",""
"4184","hyperbolic-pde","148","135572","135571","",""
"4188","inner-models","30","144503","144502","",""
"4189","infinitesimals","10","","","",""
"4203","maurer-cartan-equation","7","","","",""
"4207","pullback","35","","","",""
"4226","adjacency-matrices","19","","","",""
"4231","almost-periodic-function","24","","","",""
"4239","kodaira-dimension","15","308285","308284","",""
"4249","character-theory","21","","","",""
"4274","compactness","102","","","",""
"4283","torus","21","","","",""
"4298","peano-arithmetic","204","167372","167371","",""
"4311","non-associative-algebras","33","145349","145348","",""
"4333","hilbert-function","24","311202","311201","",""
"4354","transfinite-induction","17","","","",""
"4368","springer-fibres","17","","","",""
"4369","laplace-equation","23","","","",""
"4373","category-o","19","150639","150638","",""
"4397","analytic-functions","100","","","",""
"4400","bitcoins","6","","","",""
"4409","local-systems","14","","","",""
"4417","geometric-constructions","30","","","",""
"4418","permanent","54","","","",""
"4442","puiseux-series","4","","","",""
"4446","hahn-banach-theorem","25","","","",""
"4452","sudoku","9","","","",""
"4475","nonabelian-cohomology","11","","","",""
"4487","affine-geometry","67","","","",""
"4490","perfect-numbers","69","203262","203261","",""
"4491","visualization","37","","","",""
"4492","jacobian-conjecture","27","","","",""
"4509","simplicial-presheaves","32","236924","236923","",""
"4511","cauchy-schwarz-inequality","26","204631","204630","",""
"4529","kummer-theory","12","","","",""
"4534","kk-theory","33","","","",""
"4548","linear-regression","26","","","",""
"4553","semi-riemannian-geometry","43","","","",""
"4557","infinite-time-computability","4","","","",""
"4582","differential-calculus","121","","","",""
"4584","implicit-function-theorem","30","","","",""
"4607","homotopy-type-theory","89","136456","136455","",""
"4609","exact-categories","11","","","",""
"4616","transversality","17","","","",""
"4619","magmas","14","135584","135583","",""
"4620","optimal-transportation","126","","","",""
"4621","weierstrass-preparation","6","","","",""
"4628","obstruction-theory","31","138806","138805","",""
"4630","harmonic-functions","135","252110","252109","",""
"4631","heisenberg-groups","30","","","",""
"4632","stratifications","30","","","",""
"4634","semidefinite-programming","66","230385","230384","",""
"4636","characteristic-2","12","","","",""
"4644","growth-rate","33","","","",""
"4646","hyperelliptic-curves","62","","","",""
"4649","isometric-immersion","14","","","",""
"4653","partial-hyperbolicity","4","","","",""
"4655","contraction-mapping","17","","","",""
"4658","supramenability","5","","","",""
"4660","algorithmic-randomness","35","146172","146171","",""
"4662","trigonometric-polynomials","39","","","",""
"4668","supercuspidal-representations","8","","","",""
"4670","elementary-proofs","151","143210","143209","",""
"4675","strongly-regular-graph","7","154810","154809","",""
"4678","metric-embeddings","39","","","",""
"4679","coarse-geometry","17","","","",""
"4681","irrational-numbers","83","230678","230677","",""
"4684","bounded-arithmetic","23","","","",""
"4688","algebraic-dynamics","8","","","",""
"4690","icm-2014","3","156560","156559","",""
"4693","spherical-varieties","27","","","",""
"4698","cyclotomic-fields","62","236669","236668","",""
"4701","limit-theorems","77","146032","146031","",""
"4703","geometric-quantization","17","","","",""
"4712","coherence","14","","","",""
"4715","negative-curvature","14","","","",""
"4717","property-t","9","","","",""
"4720","j-invariant","13","","","",""
"4723","bessel-functions","100","","","",""
"4724","convolution","97","","","",""
"4727","trigonometric-sums","58","","","",""
"4741","nilpotent-orbits","20","152766","152765","",""
"4747","divisors-multiples","165","154956","154955","",""
"4748","homotopy-limits","14","","","",""
"4761","admissible-representation","10","","","",""
"4769","euler-product","33","","","",""
"4773","graph-domination","8","230308","230307","",""
"4775","quadratic-programming","48","325077","325076","",""
"4777","limit-cycles","41","","","",""
"4782","isomorphism-testing","58","230759","230758","",""
"4789","mixing","20","","","",""
"4794","real-analytic-structures","44","","","",""
"4796","2-categories","73","","","",""
"4800","inverse-problems","61","162811","162810","",""
"4801","graded-banach-algebras","2","","","",""
"4805","prime-constellations","32","164251","164250","",""
"4816","reflection-groups","33","","","",""
"4824","hamiltonian-paths","31","","","",""
"4829","embeddings","99","","","",""
"4830","hypercube","29","191674","191673","",""
"4831","binary-tree","12","","","",""
"4832","bijective-combinatorics","24","","","",""
"4834","parameterized-homotopy","11","","","",""
"4849","krull-dimension","36","","","",""
"4855","integral-quadratic-forms","9","","","",""
"4856","orthogonal-groups","41","","","",""
"4860","diophantine-geometry","39","","","",""
"4886","interpolation-spaces","47","","","",""
"4887","circle-method","22","","","",""
"4895","hecke-operators","28","","","",""
"4897","geodesics","123","","","",""
"4904","discrete-morse-theory","12","181028","181027","",""
"4909","theta-series","24","","","",""
"4924","semicontinuity","31","","","",""
"4927","origami-folding","6","183099","183098","",""
"4929","choquet-theory","10","","","",""
"4930","intuitionism","35","","","",""
"4931","sturm-liouville-theory","52","","","",""
"4933","normal-subgroups","30","","","",""
"4934","fine-structure","5","","","",""
"4936","simple-homotopy-theory","4","","","",""
"4942","stochastic-differential-equations","361","193746","193745","",""
"4943","ordinal-computability","12","","","",""
"4945","hodge-structure","41","","","",""
"4946","online-resources","65","217502","217501","",""
"4952","nash-equilibrium","13","","","",""
"4957","lyndon-words","6","","","",""
"4968","hypersurfaces","24","","","",""
"4973","hankel-matrices","24","228860","228859","",""
"4974","leibniz-algebras","9","","","",""
"4979","powerful-numbers","4","","","",""
"4981","set-valued-analysis","15","372661","372660","",""
"4999","periods","25","194755","194754","",""
"5005","p-laplace","22","195474","195473","",""
"5007","legendre-polynomials","41","","","",""
"5032","half-integral-weight","27","199707","199706","",""
"5046","tauberian-theorems","13","","","",""
"5049","preprojective-algebra","8","","","",""
"5050","wild-representation-type","8","","","",""
"5058","lorentzian-geometry","52","236740","236739","",""
"5072","kan-extension","29","","","",""
"5077","poly-gamma-function","10","236964","236963","",""
"5084","rough-paths","26","208789","208788","",""
"5088","hypergroups","9","","","",""
"5092","besov-spaces","28","","","",""
"5095","ideals","98","","","",""
"5099","unimodality","5","","","",""
"5101","topological-dynamics","32","236742","236741","",""
"5107","logarithmic-energy","5","","","",""
"5117","graded-rings-modules","51","","","",""
"5122","moments","68","","","",""
"5133","finite-element-method","25","214441","214440","",""
"5135","numerical-analysis-of-pde","66","","","",""
"5137","probabilistic-method","16","266540","266539","",""
"5142","information-geometry","38","236718","236717","",""
"5145","infinite-divisibility","14","","","",""
"5147","levy-processes","36","343391","343390","",""
"5151","pseudo-holomorphic-curves","35","","","",""
"5152","learning-roadmap","11","","","",""
"5154","pythagorean-triples","16","","","",""
"5158","equidistribution","26","","","",""
"5159","chevalley-groups","26","236735","236734","",""
"5171","large-deviations","46","","","",""
"5173","quaternion-algebras","27","","","",""
"5174","self-similarity","11","","","",""
"5176","inverse-series","5","","","",""
"5181","bousfield-localization","31","","","",""
"5188","least-squares","26","","","",""
"5189","unitary-fusion-category","21","225747","225746","",""
"5192","kneser-graph","7","225940","225939","",""
"5194","selection-principles","34","","","",""
"5195","limits-and-colimits","239","226603","226602","",""
"5209","synthetic-differential","25","227738","227737","",""
"5232","cartan-geometry","18","229572","229571","",""
"5239","cyclic-groups","14","326615","326614","",""
"5240","cyclic-orders","4","","","",""
"5242","sheets","2","","","",""
"5249","kahler-ricci-flow","8","231205","231204","",""
"5251","weil-petersson-metric","5","231219","231218","",""
"5252","coadjoint-orbit","5","231226","231225","",""
"5256","functional-calculus","30","","","",""
"5258","kahler-einstein-metric","27","231569","231568","",""
"5260","isogenies","15","","","",""
"5261","whitehead-product","3","245436","245435","",""
"5267","isospectrality","28","","","",""
"5269","nori-motives","3","","","",""
"5274","julia-set","8","","","",""
"5276","cauchy-problem","20","","","",""
"5279","sasakian-geometry","4","233739","233738","",""
"5284","banach-tarski","5","","","",""
"5289","prym-varieties","5","247611","247610","",""
"5298","numerical-integration","35","","","",""
"5299","specific-calculation","17","236756","236755","",""
"5301","projective-varieties","79","236447","236446","",""
"5302","yang-baxter-equations","13","236479","236478","",""
"5303","hermitian-manifolds","9","236555","236554","",""
"5304","k-stability","1","236646","236645","",""
"5306","pfaffian","15","236749","236748","",""
"5310","hermite-polynomials","14","","","",""
"5314","zeroes","28","","","",""
"5318","virtual-motives","5","","","",""
"5319","tate-motives","3","","","",""
"5324","navier-stokes","34","","","",""
"5329","noncompact","6","","","",""
"5342","minimal-surfaces","54","331794","331793","",""
"5352","lelong-number","2","247589","247588","",""
"5356","dirac-operator","25","","","",""
"5357","association-schemes","7","","","",""
"5359","gap","51","248954","248953","",""
"5361","baer-rings","18","","","",""
"5364","meromorphic-functions","11","","","",""
"5371","stiefel-whitney","20","308210","308209","",""
"5372","nichols-algebras","4","270087","270086","",""
"5374","wiener-measure","16","","","",""
"5378","hausdorff-measure","36","327141","327140","",""
"5379","homeomorphism","22","","","",""
"5381","condensed-matter","12","256986","256985","",""
"5382","laguerre","8","","","",""
"5384","linear-extensions","2","251775","251774","",""
"5395","planar-partitions","7","","","",""
"5397","affine-hecke-algebras","5","","","",""
"5401","ramanujan","38","","","",""
"5403","analysis-and-odes","5","","","",""
"5404","time-series","16","263288","263287","",""
"5405","orlicz-spaces","15","","","",""
"5407","knot-link","18","","","",""
"5412","protomodular-categories","4","","","",""
"5413","bialgebras","11","","","",""
"5414","planar-graphs","40","","","",""
"5423","matrix-exponential","22","256617","256616","",""
"5425","torsors","25","","","",""
"5427","hidden-markov-models","12","","","",""
"5429","smith-normal-form","11","","","",""
"5430","spinor","17","257893","257892","",""
"5432","non-convex-optimization","45","","","",""
"5439","matrix-completion","7","","","",""
"5442","infinitary-sentences","3","","","",""
"5446","homogenization","5","","","",""
"5448","total-unimodularity","11","","","",""
"5449","kirby-calculus","16","261772","261771","",""
"5458","convex-hulls","35","366324","366323","",""
"5460","factorization-theory","24","","","",""
"5462","block-matrices","50","","","",""
"5466","h-principle","14","","","",""
"5469","derivations","49","","","",""
"5472","multinomial-coefficients","11","264864","264863","",""
"5473","brill-noether","7","","","",""
"5474","topological-rings","7","265096","265095","",""
"5475","flat-cohomology","11","","","",""
"5488","casimir","3","","","",""
"5490","finsler","18","269861","269860","",""
"5492","spectral-radius","29","268006","268005","",""
"5498","mean-value-theorem","8","","","",""
"5505","yang-mills-theory","11","","","",""
"5506","poker","3","","","",""
"5512","tridiagonal-matrices","20","270929","270928","",""
"5514","research","37","","","",""
"5518","fewnomial","3","","","",""
"5520","noetherian","26","","","",""
"5521","stochastic-filtering","15","280547","280546","",""
"5527","machine-learning","104","","","",""
"5531","banach-lattices","24","362654","362653","",""
"5538","mixed-hodge-structure","18","","","",""
"5541","traveling-salesman-problem","17","","","",""
"5542","celestial-mechanics","4","282142","282141","",""
"5544","sporadic-groups","20","279233","279232","",""
"5547","semiabelian-categories","2","282123","282122","",""
"5548","discrete-dynamical-systems","43","","","",""
"5549","field-extensions","19","","","",""
"5553","differential-graded-algebras","176","","","",""
"5556","uniqueness-theorems","14","","","",""
"5562","l-adic-sheaves","11","","","",""
"5563","singular-support","11","","","",""
"5567","hyperkaehler","22","","","",""
"5571","quadratic-variation","8","","","",""
"5574","network-theory","12","","","",""
"5577","character-sums","5","","","",""
"5580","infinitary-logic","6","","","",""
"5581","lattice-polytopes","17","","","",""
"5584","valuation-rings","19","","","",""
"5587","paper-request","48","285613","285612","",""
"5589","drinfeld-center","12","285732","285731","",""
"5592","qcqp","13","285864","285863","",""
"5600","semialgebraic-geometry","24","287477","287476","",""
"5609","locally-presentable-categories","52","","","",""
"5612","hadwiger-conjecture","6","","","",""
"5617","stochastic-matrices","30","291691","291690","",""
"5618","biography","7","","","",""
"5619","linear-matrix-inequalities","16","291996","291995","",""
"5627","linear-independence","5","","","",""
"5629","mereology","2","295235","295234","",""
"5633","cayley-graphs","36","295507","295506","",""
"5639","special-graphs","5","296592","296591","",""
"5651","infinite-games","41","299506","299505","",""
"5653","prime-gaps","35","","","",""
"5656","topological-modular-form","1","300015","300014","",""
"5659","periodic-orbit","7","","","",""
"5665","character-sheaves","3","","","",""
"5666","closed-geodesic","10","","","",""
"5669","moyal-product","4","","","",""
"5670","hessian","7","","","",""
"5671","seifert-surfaces","18","302769","302768","",""
"5672","majorization","8","","","",""
"5676","expectation","70","","","",""
"5680","limsup-and-liminf","6","319808","319807","",""
"5683","alexander-polynomial","7","","","",""
"5685","multisymmetric-functions","4","","","",""
"5689","conic-bundles","4","","","",""
"5690","zariski-topology","16","","","",""
"5694","regularity-structures","7","","","",""
"5698","icm-2018","2","307540","307539","",""
"5699","tensor-calculus","8","","","",""
"5700","eta-invariant","3","","","",""
"5705","isometry-groups","9","348213","348212","",""
"5706","continuum-theory","24","308280","308279","",""
"5709","differentiable-stacks","18","","","",""
"5712","ricci-curvature","11","","","",""
"5713","cluster-analysis","4","","","",""
"5714","quotient-space","12","313607","313606","",""
"5715","homflypt-polynomial","4","","","",""
"5716","jones-polynomial","8","","","",""
"5717","conservation-laws","16","","","",""
"5719","lax-pairs","5","","","",""
"5723","extreme-points","7","","","",""
"5731","solid-state-physics","2","313329","313328","",""
"5732","combinatorial-proofs","3","317254","317253","",""
"5739","generalized-jacobians","3","","","",""
"5740","modular-curves","13","","","",""
"5742","path-integral","5","315998","315997","",""
"5744","gravity-theory","6","316517","316516","",""
"5745","singular-values","27","","","",""
"5746","0-1-matrices","2","316961","316960","",""
"5747","rootfinding","18","319124","319123","",""
"5748","recursively-enumerable","9","320131","320130","",""
"5749","hamming-distance","11","","","",""
"5750","colorings","6","","","",""
"5751","comparison-geometry","3","","","",""
"5754","castelnuovo-mumford-regularity","3","","","",""
"5755","self-distributivity","35","","","",""
"5758","hilbert-modules","2","","","",""
"5759","rubiks-cube","3","","","",""
"5774","snappy","3","","","",""
"5782","cardinal-characteristics","45","337468","337467","",""
"5786","polymath16","6","337064","337063","",""
"5787","domain-theory","3","","","",""
"5791","complex-networks","5","","","",""
"5795","mathematical-biology","26","","","",""
"5796","zonotopes","4","","","",""
"5797","perfectoid-spaces","12","","","",""
"5799","q-series","3","","","",""
"5800","complex-analytic-spaces","5","","","",""
"5802","divergent-integrals","9","","","",""
"5805","ethics","2","386359","386358","",""
"5806","numerical-systems","3","345608","345607","",""
"5807","multivariable-calculus","22","","","",""
"5817","total-positivity","21","347705","347704","",""
"5819","automatic-continuity","2","","","",""
"5821","neron-severi-group","4","","","",""
"5830","kolmogorov-complexity","9","","","",""
"5831","turing-machines","3","","","",""
"5833","fredholm-operators","11","","","",""
"5834","quasi-isomorphism","3","","","",""
"5838","stochastic-approximation","5","","","",""
"5839","scissors-congruence","11","351733","351732","",""
"5840","ordered-groups","66","351190","351189","",""
"5846","errata","3","","","",""
"5847","semigroups-of-operators","142","351737","351736","",""
"5848","diffeology","4","","","",""
"5849","symplectic-resolutions","3","","","",""
"5850","zbmath","6","352215","352214","",""
"5851","operations-research","11","352220","352219","",""
"5852","genericity","1","352848","352847","",""
"5859","contact-topology","3","","","",""
"5861","modular-lie-algebras","19","353262","353261","",""
"5867","splines","43","354550","354549","",""
"5870","epidemics-modeling","16","","","",""
"5874","condensed-mathematics","19","356350","356349","",""
"5877","brunnian-links","2","","","",""
"5878","azumaya-algebras","6","356620","356619","",""
"5884","differential-game-theory","1","357898","357897","",""
"5890","gradient-flows","16","","","",""
"5891","algebraic-systems","23","359050","359049","",""
"5896","persistent-homology","18","","","",""
"5899","viscosity-solutions","12","","","",""
"5904","variational-inequalities","5","","","",""
"5905","mandelbrot-set","2","","","",""
"5914","p-divisible-group-schemes","4","","","",""
"5919","regular-graph","5","","","",""
"5925","umbral-calculus","3","","","",""
"5936","tempered-distributions","4","","","",""
"5938","dieudonne-modules","2","","","",""
"5941","differential-inequalities","3","369934","369933","",""
"5943","discretization-and-quantization","2","372561","372560","",""
"5944","singular-integral-equations","1","","","",""
"5946","theories-of-arithmetic","25","374020","374019","",""
"5949","legendrian-submanifolds","1","","","",""
"5951","quasifields","1","","","",""
"5952","talks","1","","","",""
"5955","conformal-maps","11","376592","376591","",""
"5964","fibonacci-numbers","4","","","",""
"5965","recursive-enumerability-above","3","377564","377563","",""
"5967","alternating-sign-matrices","1","","","",""
"5969","quantum-games","1","","","",""
"5970","higher-order-logics","9","379547","379546","",""
"5976","chiral-homology","1","","","",""
"5978","slice-categories","4","","","",""
"5985","hessian-manifolds","1","","","",""
"5987","multiplier-algebra","2","","","",""
"5989","women-in-math","1","","","",""
"5991","frobenius-map","1","","","",""
"5993","topological-semigroups-and-monoids","4","386291","386290","",""